,0,1,2,3,4,5,6,7
0,108,Los Angeles Angels,#5,1B,Albert,Pujols,,
1,108,Los Angeles Angels,#23,P,Alex,Meyer,,
2,108,Los Angeles Angels,#2,SS,Andrelton,Simmons,,
3,108,Los Angeles Angels,#28,P,Andrew,Heaney,,
4,108,Los Angeles Angels,#53,P,Blake,Parker,,
5,108,Los Angeles Angels,#46,P,Blake,Wood,,
6,108,Los Angeles Angels,#32,P,Cam,Bedrosian,,
7,108,Los Angeles Angels,#24,RF,Chris,Young,,
8,108,Los Angeles Angels,#60,P,Eduardo,Paredes,,
9,108,Los Angeles Angels,#64,P,Felix,Pena,,
10,108,Los Angeles Angels,#43,P,Garrett,Richards,,
11,108,Los Angeles Angels,#3,2B,Ian,Kinsler,,
12,108,Los Angeles Angels,#54,RF,Jabari,Blash,,
13,108,Los Angeles Angels,#38,P,Jaime,Barria,,
14,108,Los Angeles Angels,#74,P,Jake,Jewell,,
15,108,Los Angeles Angels,#66,P,JC,Ramirez,,
16,108,Los Angeles Angels,#19,1B,Jefry,Marte,,
17,108,Los Angeles Angels,#71,P,Jesus,Castillo,,
18,108,Los Angeles Angels,#33,P,Jim,Johnson,,
19,108,Los Angeles Angels,#48,P,Jose,Alvarez,,
20,108,Los Angeles Angels,#13,C,Juan,Graterol,,
21,108,Los Angeles Angels,#8,LF,Justin,Upton,,
22,108,Los Angeles Angels,#22,2B,Kaleb,Cowart,,
23,108,Los Angeles Angels,#39,P,Keynan,Middleton,,
24,108,Los Angeles Angels,#56,RF,Kole,Calhoun,,
25,108,Los Angeles Angels,#18,3B,Luis,Valbuena,,
26,108,Los Angeles Angels,#65,P,Luke,Bard,,
27,108,Los Angeles Angels,#12,C,Martin,Maldonado,,
28,108,Los Angeles Angels,#52,P,Matt,Shoemaker,,
29,108,Los Angeles Angels,#,LF,Michael,Hermosillo,,
30,108,Los Angeles Angels,#27,CF,Mike,Trout,,
31,108,Los Angeles Angels,#35,P,Nick,Tropeano,,
32,108,Los Angeles Angels,#25,P,Noe,Ramirez,,
33,108,Los Angeles Angels,#16,SS,Nolan,Fontana,,
34,108,Los Angeles Angels,#62,P,Parker,Bridwell,,
35,108,Los Angeles Angels,#44,C,Rene,Rivera,,
36,108,Los Angeles Angels,#17,P,Shohei,Ohtani,,
37,108,Los Angeles Angels,#38,P,Troy,Scribner,,
38,108,Los Angeles Angels,#45,P,Tyler,Skaggs,,
39,108,Los Angeles Angels,#7,2B,Zack,Cozart,,
40,108,Los Angeles Angels,,,,,,
41,109,Arizona Diamondbacks,#11,CF,A.J.,Pollock,,
42,109,Arizona Diamondbacks,#5,C,Alex,Avila,,
43,109,Arizona Diamondbacks,#40,P,Andrew,Chafin,,
44,109,Arizona Diamondbacks,#25,P,Archie,Bradley,,
45,109,Arizona Diamondbacks,#31,P,Brad,Boxberger,,
46,109,Arizona Diamondbacks,#34,P,Braden,Shipley,,
47,109,Arizona Diamondbacks,#16,RF,Chris,Owings,,
48,109,Arizona Diamondbacks,#53,1B,Christian,Walker,,
49,109,Arizona Diamondbacks,#3,3B,Daniel,Descalso,,
50,109,Arizona Diamondbacks,#6,LF,David,Peralta,,
51,109,Arizona Diamondbacks,#10,3B,Deven,Marrero,,
52,109,Arizona Diamondbacks,#74,SS,Domingo,Leyba,,
53,109,Arizona Diamondbacks,#57,P,Fernando,Salas,,
54,109,Arizona Diamondbacks,#15,2B,Ildemaro,Vargas,,
55,109,Arizona Diamondbacks,#76,SS,Jack,Reinheimer,,
56,109,Arizona Diamondbacks,#33,P,Jake,Barrett,,
57,109,Arizona Diamondbacks,#22,3B,Jake,Lamb,,
58,109,Arizona Diamondbacks,#63,P,Jared,Miller,,
59,109,Arizona Diamondbacks,#1,RF,Jarrod,Dyson,,
60,109,Arizona Diamondbacks,#2,C,Jeff,Mathis,,
61,109,Arizona Diamondbacks,#41,CF,Jeremy,Hazelbaker,,
62,109,Arizona Diamondbacks,#54,P,Jimmie,Sherfy,,
63,109,Arizona Diamondbacks,#36,C,John,Ryan,Murphy,
64,109,Arizona Diamondbacks,#29,P,Jorge,De,La,Rosa
65,109,Arizona Diamondbacks,#4,2B,Ketel,Marte,,
66,109,Arizona Diamondbacks,#55,P,Matt,Koch,,
67,109,Arizona Diamondbacks,#13,SS,Nick,Ahmed,,
68,109,Arizona Diamondbacks,#46,P,Patrick,Corbin,,
69,109,Arizona Diamondbacks,#44,1B,Paul,Goldschmidt,,
70,109,Arizona Diamondbacks,#48,P,Randall,Delgado,,
71,109,Arizona Diamondbacks,#38,P,Robbie,Ray,,
72,109,Arizona Diamondbacks,#26,P,Shelby,Miller,,
73,109,Arizona Diamondbacks,#61,P,Silvino,Bracho,,
74,109,Arizona Diamondbacks,#19,CF,Socrates,Brito,,
75,109,Arizona Diamondbacks,#28,RF,Steven,Souza,Jr.,
76,109,Arizona Diamondbacks,#30,P,T.J.,McFarland,,
77,109,Arizona Diamondbacks,#99,P,Taijuan,Walker,,
78,109,Arizona Diamondbacks,#24,LF,Yasmany,Tomas,,
79,109,Arizona Diamondbacks,#66,P,Yoshihisa,Hirano,,
80,109,Arizona Diamondbacks,#52,P,Zack,Godley,,
81,109,Arizona Diamondbacks,#21,P,Zack,Greinke,,
82,109,Arizona Diamondbacks,,,,,,
83,110,Baltimore Orioles,#10,CF,Adam,Jones,,
84,110,Baltimore Orioles,#,P,Alex,Cobb,,
85,110,Baltimore Orioles,#54,P,Andrew,Cashner,,
86,110,Baltimore Orioles,#27,C,Andrew,Susac,,
87,110,Baltimore Orioles,#25,RF,Anthony,Santander,,
88,110,Baltimore Orioles,#18,CF,Austin,Hays,,
89,110,Baltimore Orioles,#29,C,Austin,Wynns,,
90,110,Baltimore Orioles,#35,P,Brad,Brach,,
91,110,Baltimore Orioles,#36,C,Caleb,Joseph,,
92,110,Baltimore Orioles,#15,C,Chance,Sisco,,
93,110,Baltimore Orioles,#19,1B,Chris,Davis,,
94,110,Baltimore Orioles,#62,P,Chris,Lee,,
95,110,Baltimore Orioles,#30,P,Chris,Tillman,,
96,110,Baltimore Orioles,#28,LF,Colby,Rasmus,,
97,110,Baltimore Orioles,#14,RF,Craig,Gentry,,
98,110,Baltimore Orioles,#2,3B,Danny,Valencia,,
99,110,Baltimore Orioles,#56,P,Darren,O'Day,,
100,110,Baltimore Orioles,#41,P,David,Hess,,
101,110,Baltimore Orioles,#57,P,Donnie,Hart,,
102,110,Baltimore Orioles,#37,P,Dylan,Bundy,,
103,110,Baltimore Orioles,#12,SS,Engelb,Vielma,,
104,110,Baltimore Orioles,#49,P,Gabriel,Ynoa,,
105,110,Baltimore Orioles,#39,P,Hunter,Harvey,,
106,110,Baltimore Orioles,#31,P,Jimmy,Yacabonis,,
107,110,Baltimore Orioles,#23,LF,Joey,Rickard,,
108,110,Baltimore Orioles,#6,2B,Jonathan,Schoop,,
109,110,Baltimore Orioles,#34,P,Kevin,Gausman,,
110,110,Baltimore Orioles,#13,SS,Manny,Machado,,
111,110,Baltimore Orioles,#45,DH,Mark,Trumbo,,
112,110,Baltimore Orioles,#50,P,Miguel,Castro,,
113,110,Baltimore Orioles,#43,P,Mike,Wright,,
114,110,Baltimore Orioles,#60,P,Mychal,Givens,,
115,110,Baltimore Orioles,#51,P,Nestor,Cortes,Jr.,
116,110,Baltimore Orioles,#24,3B,Pedro,Alvarez,,
117,110,Baltimore Orioles,#38,P,Pedro,Araujo,,
118,110,Baltimore Orioles,#48,P,Richard,Bleier,,
119,110,Baltimore Orioles,#66,P,Tanner,Scott,,
120,110,Baltimore Orioles,#1,3B,Tim,Beckham,,
121,110,Baltimore Orioles,#16,LF,Trey,Mancini,,
122,110,Baltimore Orioles,#32,P,Yefry,Ramirez,,
123,110,Baltimore Orioles,#53,P,Zack,Britton,,
124,110,Baltimore Orioles,,,,,,
125,111,Boston Red Sox,#16,LF,Andrew,Benintendi,,
126,111,Boston Red Sox,#62,P,Austin,Maddox,,
127,111,Boston Red Sox,#23,C,Blake,Swihart,,
128,111,Boston Red Sox,#66,P,Bobby,Poyner,,
129,111,Boston Red Sox,#44,P,Brandon,Workman,,
130,111,Boston Red Sox,#61,P,Brian,Johnson,,
131,111,Boston Red Sox,#12,2B,Brock,Holt,,
132,111,Boston Red Sox,#39,P,Carson,Smith,,
133,111,Boston Red Sox,#,P,Chandler,Shepherd,,
134,111,Boston Red Sox,#41,P,Chris,Sale,,
135,111,Boston Red Sox,#7,C,Christian,Vazquez,,
136,111,Boston Red Sox,#46,P,Craig,Kimbrel,,
137,111,Boston Red Sox,#24,P,David,Price,,
138,111,Boston Red Sox,#31,P,Drew,Pomeranz,,
139,111,Boston Red Sox,#15,2B,Dustin,Pedroia,,
140,111,Boston Red Sox,#36,2B,Eduardo,Nunez,,
141,111,Boston Red Sox,#57,P,Eduardo,Rodriguez,,
142,111,Boston Red Sox,#13,1B,Hanley,Ramirez,,
143,111,Boston Red Sox,#37,P,Heath,Hembree,,
144,111,Boston Red Sox,#76,P,Hector,Velazquez,,
145,111,Boston Red Sox,#28,LF,J.D.,Martinez,,
146,111,Boston Red Sox,#19,CF,Jackie,Bradley,Jr.,
147,111,Boston Red Sox,#78,P,Jalen,Beeks,,
148,111,Boston Red Sox,#56,P,Joe,Kelly,,
149,111,Boston Red Sox,#40,3B,Marco,Hernandez,,
150,111,Boston Red Sox,#64,P,Marcus,Walden,,
151,111,Boston Red Sox,#32,P,Matt,Barnes,,
152,111,Boston Red Sox,#18,1B,Mitch,Moreland,,
153,111,Boston Red Sox,#50,RF,Mookie,Betts,,
154,111,Boston Red Sox,#11,3B,Rafael,Devers,,
155,111,Boston Red Sox,#22,P,Rick,Porcello,,
156,111,Boston Red Sox,#63,P,Robby,Scott,,
157,111,Boston Red Sox,#29,P,Roenis,Elias,,
158,111,Boston Red Sox,#59,1B,Sam,Travis,,
159,111,Boston Red Sox,#3,C,Sandy,Leon,,
160,111,Boston Red Sox,#35,P,Steven,Wright,,
161,111,Boston Red Sox,#79,P,Ty,Buttrey,,
162,111,Boston Red Sox,#47,P,Tyler,Thornburg,,
163,111,Boston Red Sox,#5,3B,Tzu-Wei,Lin,,
164,111,Boston Red Sox,#66,P,Williams,Jerez,,
165,111,Boston Red Sox,#2,SS,Xander,Bogaerts,,
166,111,Boston Red Sox,,,,,,
167,112,Chicago Cubs,#73,P,Adbert,Alzolay,,
168,112,Chicago Cubs,#27,SS,Addison,Russell,,
169,112,Chicago Cubs,#5,CF,Albert,Almora,Jr.,
170,112,Chicago Cubs,#24,P,Alec,Mills,,
171,112,Chicago Cubs,#44,1B,Anthony,Rizzo,,
172,112,Chicago Cubs,#18,2B,Ben,Zobrist,,
173,112,Chicago Cubs,#15,P,Brandon,Morrow,,
174,112,Chicago Cubs,#32,P,Brian,Duensing,,
175,112,Chicago Cubs,#6,P,Carl,Edwards,Jr.,
176,112,Chicago Cubs,#,P,Cory,Mazzoni,,
177,112,Chicago Cubs,#76,2B,David,Bote,,
178,112,Chicago Cubs,#36,P,Dillon,Maples,,
179,112,Chicago Cubs,#,P,Drew,Smyly,,
180,112,Chicago Cubs,#74,P,Duane,Underwood,Jr.,
181,112,Chicago Cubs,#33,P,Eddie,Butler,,
182,112,Chicago Cubs,#8,CF,Ian,Happ,,
183,112,Chicago Cubs,#22,RF,Jason,Heyward,,
184,112,Chicago Cubs,#9,SS,Javier,Baez,,
185,112,Chicago Cubs,#1,P,Jen-Ho,Tseng,,
186,112,Chicago Cubs,#34,P,Jon,Lester,,
187,112,Chicago Cubs,#62,P,Jose,Quintana,,
188,112,Chicago Cubs,#37,P,Justin,Wilson,,
189,112,Chicago Cubs,#17,3B,Kris,Bryant,,
190,112,Chicago Cubs,#28,P,Kyle,Hendricks,,
191,112,Chicago Cubs,#12,LF,Kyle,Schwarber,,
192,112,Chicago Cubs,#59,P,Luke,Farrell,,
193,112,Chicago Cubs,#20,LF,Mark,Zagunis,,
194,112,Chicago Cubs,#38,P,Mike,Montgomery,,
195,112,Chicago Cubs,#71,P,Oscar,De,La,Cruz
196,112,Chicago Cubs,#46,P,Pedro,Strop,,
197,112,Chicago Cubs,#77,P,Randy,Rosario,,
198,112,Chicago Cubs,#29,P,Rob,Zastryzny,,
199,112,Chicago Cubs,#57,P,Shae,Simmons,,
200,112,Chicago Cubs,#41,P,Steve,Cishek,,
201,112,Chicago Cubs,#2,3B,Tommy,La,Stella,
202,112,Chicago Cubs,#21,P,Tyler,Chatwood,,
203,112,Chicago Cubs,#7,C,Victor,Caratini,,
204,112,Chicago Cubs,#40,C,Willson,Contreras,,
205,112,Chicago Cubs,#11,P,Yu,Darvish,,
206,112,Chicago Cubs,,,,,,
207,113,Cincinnati Reds,#23,LF,Adam,Duvall,,
208,113,Cincinnati Reds,#66,2B,Alex,Blandino,,
209,113,Cincinnati Reds,#50,P,Amir,Garrett,,
210,113,Cincinnati Reds,#28,P,Anthony,DeSclafani,,
211,113,Cincinnati Reds,#63,P,Ariel,Hernandez,,
212,113,Cincinnati Reds,#84,RF,Aristides,Aquino,,
213,113,Cincinnati Reds,#40,P,Austin,Brice,,
214,113,Cincinnati Reds,#6,CF,Billy,Hamilton,,
215,113,Cincinnati Reds,#29,P,Brandon,Finnegan,,
216,113,Cincinnati Reds,#4,2B,Cliff,Pennington,,
217,113,Cincinnati Reds,#25,P,Cody,Reed,,
218,113,Cincinnati Reds,#37,P,David,Hernandez,,
219,113,Cincinnati Reds,#39,C,Devin,Mesoraco,,
220,113,Cincinnati Reds,#7,3B,Eugenio,Suarez,,
221,113,Cincinnati Reds,#34,P,Homer,Bailey,,
222,113,Cincinnati Reds,#62,P,Jackson,Stephens,,
223,113,Cincinnati Reds,#48,P,Jared,Hughes,,
224,113,Cincinnati Reds,#33,RF,Jesse,Winker,,
225,113,Cincinnati Reds,#73,P,Jesus,Reyes,,
226,113,Cincinnati Reds,#19,1B,Joey,Votto,,
227,113,Cincinnati Reds,#74,P,Jose,Lopez,,
228,113,Cincinnati Reds,#9,2B,Jose,Peraza,,
229,113,Cincinnati Reds,#85,CF,Jose,Siri,,
230,113,Cincinnati Reds,#36,P,Keury,Mella,,
231,113,Cincinnati Reds,#61,P,Kevin,Quackenbush,,
232,113,Cincinnati Reds,#41,P,Kevin,Shackelford,,
233,113,Cincinnati Reds,#58,P,Luis,Castillo,,
234,113,Cincinnati Reds,#21,P,Michael,Lorenzen,,
235,113,Cincinnati Reds,#46,2B,Phil,Gosselin,,
236,113,Cincinnati Reds,#27,RF,Phillip,Ervin,,
237,113,Cincinnati Reds,#26,P,Raisel,Iglesias,,
238,113,Cincinnati Reds,#55,P,Robert,Stephenson,,
239,113,Cincinnati Reds,#54,P,Rookie,Davis,,
240,113,Cincinnati Reds,#47,P,Sal,Romano,,
241,113,Cincinnati Reds,#3,2B,Scooter,Gennett,,
242,113,Cincinnati Reds,#43,RF,Scott,Schebler,,
243,113,Cincinnati Reds,#75,2B,Shed,Long,,
244,113,Cincinnati Reds,#32,C,Stuart,Turner,,
245,113,Cincinnati Reds,#16,C,Tucker,Barnhart,,
246,113,Cincinnati Reds,#30,P,Tyler,Mahle,,
247,113,Cincinnati Reds,#53,P,Wandy,Peralta,,
248,113,Cincinnati Reds,#49,P,Zack,Weiss,,
249,113,Cincinnati Reds,,,,,,
250,114,Cleveland Indians,#76,P,Adam,Plutko,,
251,114,Cleveland Indians,#24,P,Andrew,Miller,,
252,114,Cleveland Indians,#4,CF,Bradley,Zimmer,,
253,114,Cleveland Indians,#6,RF,Brandon,Guyer,,
254,114,Cleveland Indians,#59,P,Carlos,Carrasco,,
255,114,Cleveland Indians,#37,P,Cody,Allen,,
256,114,Cleveland Indians,#56,P,Cody,Anderson,,
257,114,Cleveland Indians,#28,P,Corey,Kluber,,
258,114,Cleveland Indians,#61,P,Dan,Otero,,
259,114,Cleveland Indians,#31,P,Danny,Salazar,,
260,114,Cleveland Indians,#10,DH,Edwin,Encarnacion,,
261,114,Cleveland Indians,#71,C,Eric,Haase,,
262,114,Cleveland Indians,#66,SS,Eric,Stamets,,
263,114,Cleveland Indians,#9,2B,Erik,Gonzalez,,
264,114,Cleveland Indians,#12,SS,Francisco,Lindor,,
265,114,Cleveland Indians,#27,C,Francisco,Mejia,,
266,114,Cleveland Indians,#39,3B,Gio,Urshela,,
267,114,Cleveland Indians,#53,CF,Greg,Allen,,
268,114,Cleveland Indians,#22,2B,Jason,Kipnis,,
269,114,Cleveland Indians,#11,3B,Jose,Ramirez,,
270,114,Cleveland Indians,#43,P,Josh,Tomlin,,
271,114,Cleveland Indians,#72,P,Julian,Merryweather,,
272,114,Cleveland Indians,#8,RF,Lonnie,Chisenhall,,
273,114,Cleveland Indians,#46,P,Matt,Belisle,,
274,114,Cleveland Indians,#23,LF,Michael,Brantley,,
275,114,Cleveland Indians,#52,P,Mike,Clevinger,,
276,114,Cleveland Indians,#44,P,Nick,Goody,,
277,114,Cleveland Indians,#26,CF,Rajai,Davis,,
278,114,Cleveland Indians,#55,C,Roberto,Perez,,
279,114,Cleveland Indians,#54,P,Ryan,Merritt,,
280,114,Cleveland Indians,#74,P,Shawn,Morimando,,
281,114,Cleveland Indians,#47,P,Trevor,Bauer,,
282,114,Cleveland Indians,#30,CF,Tyler,Naquin,,
283,114,Cleveland Indians,#49,P,Tyler,Olson,,
284,114,Cleveland Indians,#73,SS,Willi,Castro,,
285,114,Cleveland Indians,#7,C,Yan,Gomes,,
286,114,Cleveland Indians,#36,3B,Yandy,Diaz,,
287,114,Cleveland Indians,#17,1B,Yonder,Alonso,,
288,114,Cleveland Indians,#75,SS,Yu,Chang,,
289,114,Cleveland Indians,#34,P,Zach,McAllister,,
290,114,Cleveland Indians,,,,,,
291,115,Colorado Rockies,#0,P,Adam,Ottavino,,
292,115,Colorado Rockies,#49,P,Antonio,Senzatela,,
293,115,Colorado Rockies,#29,P,Bryan,Shaw,,
294,115,Colorado Rockies,#54,P,Carlos,Estevez,,
295,115,Colorado Rockies,#5,RF,Carlos,Gonzalez,,
296,115,Colorado Rockies,#35,P,Chad,Bettis,,
297,115,Colorado Rockies,#19,RF,Charlie,Blackmon,,
298,115,Colorado Rockies,#42,C,Chris,Iannetta,,
299,115,Colorado Rockies,#37,C,Chris,Rabago,,
300,115,Colorado Rockies,#52,P,Chris,Rusin,,
301,115,Colorado Rockies,#26,LF,David,Dahl,,
302,115,Colorado Rockies,#9,2B,DJ,LeMahieu,,
303,115,Colorado Rockies,#8,LF,Gerardo,Parra,,
304,115,Colorado Rockies,#48,P,German,Marquez,,
305,115,Colorado Rockies,#20,CF,Ian,Desmond,,
306,115,Colorado Rockies,#97,P,Jairo,Diaz,,
307,115,Colorado Rockies,#51,P,Jake,McGee,,
308,115,Colorado Rockies,#34,P,Jeff,Hoffman,,
309,115,Colorado Rockies,#74,P,Jesus,Tinoco,,
310,115,Colorado Rockies,#55,P,Jon,Gray,,
311,115,Colorado Rockies,#25,1B,Jordan,Patterson,,
312,115,Colorado Rockies,#21,P,Kyle,Freeland,,
313,115,Colorado Rockies,#38,P,Mike,Dunn,,
314,115,Colorado Rockies,#3,CF,Mike,Tauchman,,
315,115,Colorado Rockies,#56,RF,Noel,Cuevas,,
316,115,Colorado Rockies,#28,3B,Nolan,Arenado,,
317,115,Colorado Rockies,#4,1B,Pat,Valaika,,
318,115,Colorado Rockies,#15,CF,Raimel,Tapia,,
319,115,Colorado Rockies,#64,P,Rayan,Gonzalez,,
320,115,Colorado Rockies,#24,1B,Ryan,McMahon,,
321,115,Colorado Rockies,#61,P,Sam,Howard,,
322,115,Colorado Rockies,#45,P,Scott,Oberg,,
323,115,Colorado Rockies,#23,C,Tom,Murphy,,
324,115,Colorado Rockies,#14,C,Tony,Wolters,,
325,115,Colorado Rockies,#27,SS,Trevor,Story,,
326,115,Colorado Rockies,#44,P,Tyler,Anderson,,
327,115,Colorado Rockies,#71,P,Wade,Davis,,
328,115,Colorado Rockies,#62,P,Yency,Almonte,,
329,115,Colorado Rockies,#72,CF,Yonathan,Daza,,
330,115,Colorado Rockies,#60,P,Zac,Rosscup,,
331,115,Colorado Rockies,#46,P,Zach,Jemiola,,
332,115,Colorado Rockies,,,,,,
333,116,Detroit Tigers,#30,P,Alex,Wilson,,
334,116,Detroit Tigers,#57,P,Artie,Lewicki,,
335,116,Detroit Tigers,#45,P,Buck,Farmer,,
336,116,Detroit Tigers,#64,P,Chad,Bell,,
337,116,Detroit Tigers,#44,P,Daniel,Norris,,
338,116,Detroit Tigers,#68,P,Daniel,Stumpf,,
339,116,Detroit Tigers,#18,3B,Dawel,Lugo,,
340,116,Detroit Tigers,#49,2B,Dixon,Machado,,
341,116,Detroit Tigers,#54,P,Drew,VerHagen,,
342,116,Detroit Tigers,#66,P,Eduardo,Jimenez,,
343,116,Detroit Tigers,#38,P,Francisco,Liriano,,
344,116,Detroit Tigers,#60,P,Gerson,Moreno,,
345,116,Detroit Tigers,#17,C,Grayson,Greiner,,
346,116,Detroit Tigers,#65,P,Gregory,Soto,,
347,116,Detroit Tigers,#21,LF,JaCoby,Jones,,
348,116,Detroit Tigers,#34,C,James,McCann,,
349,116,Detroit Tigers,#46,3B,Jeimer,Candelario,,
350,116,Detroit Tigers,#77,P,Joe,Jimenez,,
351,116,Detroit Tigers,#55,1B,John,Hicks,,
352,116,Detroit Tigers,#51,P,Johnny,Barbato,,
353,116,Detroit Tigers,#27,P,Jordan,Zimmermann,,
354,116,Detroit Tigers,#1,SS,Jose,Iglesias,,
355,116,Detroit Tigers,#12,CF,Leonys,Martin,,
356,116,Detroit Tigers,#48,P,Matthew,Boyd,,
357,116,Detroit Tigers,#32,P,Michael,Fulmer,,
358,116,Detroit Tigers,#24,1B,Miguel,Cabrera,,
359,116,Detroit Tigers,#50,P,Mike,Fiers,,
360,116,Detroit Tigers,#13,CF,Mike,Gerber,,
361,116,Detroit Tigers,#8,CF,Mikie,Mahtook,,
362,116,Detroit Tigers,#9,RF,Nicholas,Castellanos,,
363,116,Detroit Tigers,#28,LF,Niko,Goodrum,,
364,116,Detroit Tigers,#31,P,Ryan,Carpenter,,
365,116,Detroit Tigers,#62,P,Sandy,Baez,,
366,116,Detroit Tigers,#40,SS,Sergio,Alcantara,,
367,116,Detroit Tigers,#61,P,Shane,Greene,,
368,116,Detroit Tigers,#56,P,Spencer,Turnbull,,
369,116,Detroit Tigers,#41,DH,Victor,Martinez,,
370,116,Detroit Tigers,#22,LF,Victor,Reyes,,
371,116,Detroit Tigers,#53,P,Warwick,Saupold,,
372,116,Detroit Tigers,#26,P,Zac,Reininger,,
373,116,Detroit Tigers,,,,,,
374,117,Houston Astros,#23,1B,AJ,Reed,,
375,117,Houston Astros,#2,3B,Alex,Bregman,,
376,117,Houston Astros,#41,P,Brad,Peacock,,
377,117,Houston Astros,#62,P,Brady,Rodgers,,
378,117,Houston Astros,#16,C,Brian,McCann,,
379,117,Houston Astros,#52,P,Buddy,Boshers,,
380,117,Houston Astros,#1,SS,Carlos,Correa,,
381,117,Houston Astros,#50,P,Charlie,Morton,,
382,117,Houston Astros,#47,P,Chris,Devenski,,
383,117,Houston Astros,#83,P,Cionel,Perez,,
384,117,Houston Astros,#31,P,Collin,McHugh,,
385,117,Houston Astros,#60,P,Dallas,Keuchel,,
386,117,Houston Astros,#63,P,David,Paulino,,
387,117,Houston Astros,#21,LF,Derek,Fisher,,
388,117,Houston Astros,#11,C,Evan,Gattis,,
389,117,Houston Astros,#58,P,Francis,Martes,,
390,117,Houston Astros,#4,CF,George,Springer,,
391,117,Houston Astros,#45,P,Gerrit,Cole,,
392,117,Houston Astros,#30,P,Hector,Rondon,,
393,117,Houston Astros,#28,3B,J.D.,Davis,,
394,117,Houston Astros,#6,CF,Jake,Marisnick,,
395,117,Houston Astros,#51,P,James,Hoyt,,
396,117,Houston Astros,#61,P,Jandel,Gustave,,
397,117,Houston Astros,#38,P,Joe,Smith,,
398,117,Houston Astros,#27,2B,Jose,Altuve,,
399,117,Houston Astros,#22,RF,Josh,Reddick,,
400,117,Houston Astros,#35,P,Justin,Verlander,,
401,117,Houston Astros,#53,P,Ken,Giles,,
402,117,Houston Astros,#43,P,Lance,McCullers,Jr.,
403,117,Houston Astros,#9,LF,Marwin,Gonzalez,,
404,117,Houston Astros,#12,C,Max,Stassi,,
405,117,Houston Astros,#64,P,Reymin,Guduan,,
406,117,Houston Astros,#18,2B,Tony,Kemp,,
407,117,Houston Astros,#29,P,Tony,Sipp,,
408,117,Houston Astros,#13,3B,Tyler,White,,
409,117,Houston Astros,#36,P,Will,Harris,,
410,117,Houston Astros,,,,,,
411,118,Kansas City Royals,#27,SS,Adalberto,Mondesi,,
412,118,Kansas City Royals,#2,SS,Alcides,Escobar,,
413,118,Kansas City Royals,#4,LF,Alex,Gordon,,
414,118,Kansas City Royals,#59,P,Andres,Machado,,
415,118,Kansas City Royals,#51,P,Blaine,Boyer,,
416,118,Kansas City Royals,#56,P,Brad,Keller,,
417,118,Kansas City Royals,#37,P,Brandon,Maurer,,
418,118,Kansas City Royals,#33,P,Brian,Flynn,,
419,118,Kansas City Royals,#11,CF,Bubba,Starling,,
420,118,Kansas City Royals,#64,P,Burch,Smith,,
421,118,Kansas City Royals,#36,C,Cam,Gallagher,,
422,118,Kansas City Royals,#19,3B,Cheslor,Cuthbert,,
423,118,Kansas City Royals,#41,P,Danny,Duffy,,
424,118,Kansas City Royals,#9,C,Drew,Butera,,
425,118,Kansas City Royals,#53,P,Eric,Skoglund,,
426,118,Kansas City Royals,#,P,Eric,Stout,,
427,118,Kansas City Royals,#49,P,Heath,Fillmyer,,
428,118,Kansas City Royals,#17,3B,Hunter,Dozier,,
429,118,Kansas City Royals,#31,P,Ian,Kennedy,,
430,118,Kansas City Royals,#65,P,Jakob,Junis,,
431,118,Kansas City Royals,#39,P,Jason,Hammel,,
432,118,Kansas City Royals,#32,P,Jesse,Hahn,,
433,118,Kansas City Royals,#25,LF,Jon,Jay,,
434,118,Kansas City Royals,#12,RF,Jorge,Soler,,
435,118,Kansas City Royals,#52,P,Justin,Grimm,,
436,118,Kansas City Royals,#40,P,Kelvin,Herrera,,
437,118,Kansas City Royals,#61,P,Kevin,McCarthy,,
438,118,Kansas City Royals,#21,1B,Lucas,Duda,,
439,118,Kansas City Royals,#22,C,Meibrys,Viloria,,
440,118,Kansas City Royals,#50,P,Miguel,Almonte,,
441,118,Kansas City Royals,#8,3B,Mike,Moustakas,,
442,118,Kansas City Royals,#55,P,Nate,Karns,,
443,118,Kansas City Royals,#16,RF,Paulo,Orlando,,
444,118,Kansas City Royals,#46,SS,Ramon,Torres,,
445,118,Kansas City Royals,#1,2B,Ryan,Goins,,
446,118,Kansas City Royals,#13,C,Salvador,Perez,,
447,118,Kansas City Royals,#67,1B,Samir,Duenez,,
448,118,Kansas City Royals,#58,P,Scott,Barlow,,
449,118,Kansas City Royals,#54,P,Tim,Hill,,
450,118,Kansas City Royals,#34,P,Trevor,Oaks,,
451,118,Kansas City Royals,#15,2B,Whit,Merrifield,,
452,118,Kansas City Royals,,,,,,
453,119,Los Angeles Dodgers,#36,P,Adam,Liberatore,,
454,119,Los Angeles Dodgers,#61,CF,Alex,Verdugo,,
455,119,Los Angeles Dodgers,#57,P,Alex,Wood,,
456,119,Los Angeles Dodgers,#60,LF,Andrew,Toles,,
457,119,Los Angeles Dodgers,#15,C,Austin,Barnes,,
458,119,Los Angeles Dodgers,#48,P,Brock,Stewart,,
459,119,Los Angeles Dodgers,#26,2B,Chase,Utley,,
460,119,Los Angeles Dodgers,#3,LF,Chris,Taylor,,
461,119,Los Angeles Dodgers,#22,P,Clayton,Kershaw,,
462,119,Los Angeles Dodgers,#35,RF,Cody,Bellinger,,
463,119,Los Angeles Dodgers,#5,SS,Corey,Seager,,
464,119,Los Angeles Dodgers,#77,P,Dennis,Santana,,
465,119,Los Angeles Dodgers,#71,P,Dylan,Baker,,
466,119,Los Angeles Dodgers,#58,P,Edward,Paredes,,
467,119,Los Angeles Dodgers,#14,2B,Enrique,Hernandez,,
468,119,Los Angeles Dodgers,#59,P,Henry,Owens,,
469,119,Los Angeles Dodgers,#99,P,Hyun-Jin,Ryu,,
470,119,Los Angeles Dodgers,#31,LF,Joc,Pederson,,
471,119,Los Angeles Dodgers,#46,P,Josh,Fields,,
472,119,Los Angeles Dodgers,#47,P,JT,Chargois,,
473,119,Los Angeles Dodgers,#7,P,Julio,Urias,,
474,119,Los Angeles Dodgers,#10,3B,Justin,Turner,,
475,119,Los Angeles Dodgers,#74,P,Kenley,Jansen,,
476,119,Los Angeles Dodgers,#18,P,Kenta,Maeda,,
477,119,Los Angeles Dodgers,#17,3B,Kyle,Farmer,,
478,119,Los Angeles Dodgers,#11,2B,Logan,Forsythe,,
479,119,Los Angeles Dodgers,#27,LF,Matt,Kemp,,
480,119,Los Angeles Dodgers,#52,P,Pedro,Baez,,
481,119,Los Angeles Dodgers,#44,P,Rich,Hill,,
482,119,Los Angeles Dodgers,#25,3B,Rob,Segedin,,
483,119,Los Angeles Dodgers,#68,P,Ross,Stripling,,
484,119,Los Angeles Dodgers,#75,P,Scott,Alexander,,
485,119,Los Angeles Dodgers,#70,2B,Tim,Locastro,,
486,119,Los Angeles Dodgers,#55,P,Tom,Koehler,,
487,119,Los Angeles Dodgers,#54,P,Tony,Cingrani,,
488,119,Los Angeles Dodgers,#64,P,Walker,Buehler,,
489,119,Los Angeles Dodgers,#62,P,Wilmer,Font,,
490,119,Los Angeles Dodgers,#66,RF,Yasiel,Puig,,
491,119,Los Angeles Dodgers,#9,C,Yasmani,Grandal,,
492,119,Los Angeles Dodgers,#63,P,Yimi,Garcia,,
493,119,Los Angeles Dodgers,,,,,,
494,120,Washington Nationals,#22,P,A.J.,Cole,,
495,120,Washington Nationals,#2,CF,Adam,Eaton,,
496,120,Washington Nationals,#5,SS,Adrian,Sanchez,,
497,120,Washington Nationals,#45,CF,Andrew,Stevenson,,
498,120,Washington Nationals,#6,3B,Anthony,Rendon,,
499,120,Washington Nationals,#70,P,Austin,Adams,,
500,120,Washington Nationals,#50,P,Austin,Voth,,
501,120,Washington Nationals,#21,P,Brandon,Kintzler,,
502,120,Washington Nationals,#8,CF,Brian,Goodwin,,
503,120,Washington Nationals,#34,RF,Bryce,Harper,,
504,120,Washington Nationals,#20,2B,Daniel,Murphy,,
505,120,Washington Nationals,#72,P,Enny,Romero,,
506,120,Washington Nationals,#23,P,Erick,Fedde,,
507,120,Washington Nationals,#47,P,Gio,Gonzalez,,
508,120,Washington Nationals,#12,2B,Howie,Kendrick,,
509,120,Washington Nationals,#68,P,Jefry,Rodriguez,,
510,120,Washington Nationals,#53,P,Joaquin,Benoit,,
511,120,Washington Nationals,#41,P,Joe,Ross,,
512,120,Washington Nationals,#71,1B,Jose,Marmolejos,,
513,120,Washington Nationals,#73,3B,Kelvin,Gutierrez,,
514,120,Washington Nationals,#30,P,Koda,Glover,,
515,120,Washington Nationals,#15,1B,Matt,Adams,,
516,120,Washington Nationals,#33,P,Matt,Grace,,
517,120,Washington Nationals,#19,3B,Matt,Reynolds,,
518,120,Washington Nationals,#32,C,Matt,Wieters,,
519,120,Washington Nationals,#31,P,Max,Scherzer,,
520,120,Washington Nationals,#3,CF,Michael,A.,Taylor,
521,120,Washington Nationals,#14,C,Miguel,Montero,,
522,120,Washington Nationals,#29,C,Pedro,Severino,,
523,120,Washington Nationals,#9,CF,Rafael,Bautista,,
524,120,Washington Nationals,#44,P,Ryan,Madson,,
525,120,Washington Nationals,#11,1B,Ryan,Zimmerman,,
526,120,Washington Nationals,#36,P,Sammy,Solis,,
527,120,Washington Nationals,#62,P,Sean,Doolittle,,
528,120,Washington Nationals,#27,P,Shawn,Kelley,,
529,120,Washington Nationals,#37,P,Stephen,Strasburg,,
530,120,Washington Nationals,#57,P,Tanner,Roark,,
531,120,Washington Nationals,#7,SS,Trea,Turner,,
532,120,Washington Nationals,#26,P,Trevor,Gott,,
533,120,Washington Nationals,#16,CF,Victor,Robles,,
534,120,Washington Nationals,#51,P,Wander,Suero,,
535,120,Washington Nationals,#1,2B,Wilmer,Difo,,
536,120,Washington Nationals,,,,,,
537,121,New York Mets,#23,1B,Adrian,Gonzalez,,
538,121,New York Mets,#44,P,AJ,Ramos,,
539,121,New York Mets,#1,SS,Amed,Rosario,,
540,121,New York Mets,#38,P,Anthony,Swarzak,,
541,121,New York Mets,#13,2B,Asdrubal,Cabrera,,
542,121,New York Mets,#9,CF,Brandon,Nimmo,,
543,121,New York Mets,#64,P,Chris,Flexen,,
544,121,New York Mets,#55,P,Corey,Oswalt,,
545,121,New York Mets,#5,3B,David,Wright,,
546,121,New York Mets,#22,1B,Dominic,Smith,,
547,121,New York Mets,#2,2B,Gavin,Cecchini,,
548,121,New York Mets,#63,P,Gerson,Bautista,,
549,121,New York Mets,#47,P,Hansel,Robles,,
550,121,New York Mets,#48,P,Jacob,deGrom,,
551,121,New York Mets,#35,P,Jacob,Rhame,,
552,121,New York Mets,#43,P,Jamie,Callahan,,
553,121,New York Mets,#40,P,Jason,Vargas,,
554,121,New York Mets,#19,RF,Jay,Bruce,,
555,121,New York Mets,#39,P,Jerry,Blevins,,
556,121,New York Mets,#27,P,Jeurys,Familia,,
557,121,New York Mets,#7,3B,Jose,Reyes,,
558,121,New York Mets,#12,CF,Juan,Lagares,,
559,121,New York Mets,#26,C,Kevin,Plawecki,,
560,121,New York Mets,#60,2B,Luis,Guillorme,,
561,121,New York Mets,#68,P,Marcos,Molina,,
562,121,New York Mets,#33,P,Matt,Harvey,,
563,121,New York Mets,#30,LF,Michael,Conforto,,
564,121,New York Mets,#34,P,Noah,Syndergaard,,
565,121,New York Mets,#51,P,Paul,Sewald,,
566,121,New York Mets,#28,3B,Phillip,Evans,,
567,121,New York Mets,#50,P,Rafael,Montero,,
568,121,New York Mets,#65,P,Robert,Gsellman,,
569,121,New York Mets,#67,P,Seth,Lugo,,
570,121,New York Mets,#32,P,Steven,Matz,,
571,121,New York Mets,#54,3B,T.J.,Rivera,,
572,121,New York Mets,#21,3B,Todd,Frazier,,
573,121,New York Mets,#77,C,Tomas,Nido,,
574,121,New York Mets,#18,C,Travis,d'Arnaud,,
575,121,New York Mets,#62,P,Tyler,Bashlor,,
576,121,New York Mets,#4,1B,Wilmer,Flores,,
577,121,New York Mets,#52,LF,Yoenis,Cespedes,,
578,121,New York Mets,#45,P,Zack,Wheeler,,
579,121,New York Mets,,,,,,
580,133,Oakland Athletics,#60,P,Andrew,Triggs,,
581,133,Oakland Athletics,#39,P,Blake,Treinen,,
582,133,Oakland Athletics,#3,CF,Boog,Powell,,
583,133,Oakland Athletics,#13,C,Bruce,Maxwell,,
584,133,Oakland Athletics,#18,SS,Chad,Pinder,,
585,133,Oakland Athletics,#40,P,Chris,Bassitt,,
586,133,Oakland Athletics,#44,P,Chris,Hatcher,,
587,133,Oakland Athletics,#48,P,Daniel,Gossett,,
588,133,Oakland Athletics,#33,P,Daniel,Mengden,,
589,133,Oakland Athletics,#35,P,Danny,Coulombe,,
590,133,Oakland Athletics,#11,CF,Dustin,Fowler,,
591,133,Oakland Athletics,#12,C,Dustin,Garneau,,
592,133,Oakland Athletics,#15,P,Emilio,Pagan,,
593,133,Oakland Athletics,#47,P,Frankie,Montas,,
594,133,Oakland Athletics,#1,SS,Franklin,Barreto,,
595,133,Oakland Athletics,#5,CF,Jake,Smolinski,,
596,133,Oakland Athletics,#8,2B,Jed,Lowrie,,
597,133,Oakland Athletics,#45,P,Jharel,Cotton,,
598,133,Oakland Athletics,#21,C,Jonathan,Lucroy,,
599,133,Oakland Athletics,#,SS,Jorge,Mateo,,
600,133,Oakland Athletics,#19,C,Josh,Phegley,,
601,133,Oakland Athletics,#49,P,Kendall,Graveman,,
602,133,Oakland Athletics,#2,LF,Khris,Davis,,
603,133,Oakland Athletics,#31,P,Liam,Hendriks,,
604,133,Oakland Athletics,#62,P,Lou,Trivino,,
605,133,Oakland Athletics,#10,SS,Marcus,Semien,,
606,133,Oakland Athletics,#20,RF,Mark,Canha,,
607,133,Oakland Athletics,#26,3B,Matt,Chapman,,
608,133,Oakland Athletics,#23,LF,Matt,Joyce,,
609,133,Oakland Athletics,#28,1B,Matt,Olson,,
610,133,Oakland Athletics,#58,P,Paul,Blackburn,,
611,133,Oakland Athletics,#56,OF,Ramon,Laureano,,
612,133,Oakland Athletics,#22,LF,Renato,Nunez,,
613,133,Oakland Athletics,#52,P,Ryan,Buchter,,
614,133,Oakland Athletics,#66,P,Ryan,Dull,,
615,133,Oakland Athletics,#46,P,Santiago,Casilla,,
616,133,Oakland Athletics,#55,P,Sean,Manaea,,
617,133,Oakland Athletics,#25,RF,Stephen,Piscotty,,
618,133,Oakland Athletics,#53,P,Trevor,Cahill,,
619,133,Oakland Athletics,#36,P,Yusmeiro,Petit,,
620,133,Oakland Athletics,,,,,,
621,134,Pittsburgh Pirates,#31,P,A.J.,Schugel,,
622,134,Pittsburgh Pirates,#26,2B,Adam,Frazier,,
623,134,Pittsburgh Pirates,#17,CF,Austin,Meadows,,
624,134,Pittsburgh Pirates,#39,P,Chad,Kuhl,,
625,134,Pittsburgh Pirates,#44,LF,Christopher,Bostick,,
626,134,Pittsburgh Pirates,#68,P,Clay,Holmes,,
627,134,Pittsburgh Pirates,#19,3B,Colin,Moran,,
628,134,Pittsburgh Pirates,#12,LF,Corey,Dickerson,,
629,134,Pittsburgh Pirates,#76,P,Dario,Agrazal,,
630,134,Pittsburgh Pirates,#23,3B,David,Freese,,
631,134,Pittsburgh Pirates,#66,P,Dovydas,Neverauskas,,
632,134,Pittsburgh Pirates,#37,P,Edgar,Santana,,
633,134,Pittsburgh Pirates,#32,C,Elias,Diaz,,
634,134,Pittsburgh Pirates,#73,P,Felipe,Vazquez,,
635,134,Pittsburgh Pirates,#29,C,Francisco,Cervelli,,
636,134,Pittsburgh Pirates,#70,P,George,Kontos,,
637,134,Pittsburgh Pirates,#25,RF,Gregory,Polanco,,
638,134,Pittsburgh Pirates,#46,P,Ivan,Nova,,
639,134,Pittsburgh Pirates,#58,C,Jacob,Stallings,,
640,134,Pittsburgh Pirates,#50,P,Jameson,Taillon,,
641,134,Pittsburgh Pirates,#59,P,Joe,Musgrove,,
642,134,Pittsburgh Pirates,#47,RF,Jordan,Luplow,,
643,134,Pittsburgh Pirates,#10,SS,Jordy,Mercer,,
644,134,Pittsburgh Pirates,#36,1B,Jose,Osuna,,
645,134,Pittsburgh Pirates,#55,1B,Josh,Bell,,
646,134,Pittsburgh Pirates,#5,2B,Josh,Harrison,,
647,134,Pittsburgh Pirates,#53,P,Josh,Smoker,,
648,134,Pittsburgh Pirates,#30,P,Kyle,Crick,,
649,134,Pittsburgh Pirates,#77,P,Luis,Escobar,,
650,134,Pittsburgh Pirates,#38,2B,Max,Moroff,,
651,134,Pittsburgh Pirates,#45,P,Michael,Feliz,,
652,134,Pittsburgh Pirates,#57,P,Nick,Burdi,,
653,134,Pittsburgh Pirates,#49,P,Nick,Kingham,,
654,134,Pittsburgh Pirates,#3,2B,Sean,Rodriguez,,
655,134,Pittsburgh Pirates,#6,CF,Starling,Marte,,
656,134,Pittsburgh Pirates,#43,P,Steven,Brault,,
657,134,Pittsburgh Pirates,#34,P,Trevor,Williams,,
658,134,Pittsburgh Pirates,#24,P,Tyler,Glasnow,,
659,134,Pittsburgh Pirates,,,,,,
660,135,San Diego Padres,#17,C,A.J.,Ellis,,
661,135,San Diego Padres,#90,P,Adam,Cimber,,
662,135,San Diego Padres,#24,LF,Alex,Dickerson,,
663,135,San Diego Padres,#17,SS,Allen,Cordoba,,
664,135,San Diego Padres,#18,C,Austin,Hedges,,
665,135,San Diego Padres,#52,P,Brad,Hand,,
666,135,San Diego Padres,#57,P,Brad,Wieck,,
667,135,San Diego Padres,#50,P,Bryan,Mitchell,,
668,135,San Diego Padres,#77,P,Buddy,Baumann,,
669,135,San Diego Padres,#20,2B,Carlos,Asuaje,,
670,135,San Diego Padres,#12,3B,Chase,Headley,,
671,135,San Diego Padres,#22,3B,Christian,Villanueva,,
672,135,San Diego Padres,#3,P,Clayton,Richard,,
673,135,San Diego Padres,#29,P,Colin,Rea,,
674,135,San Diego Padres,#54,P,Colten,Brewer,,
675,135,San Diego Padres,#15,3B,Cory,Spangenberg,,
676,135,San Diego Padres,#34,P,Craig,Stammen,,
677,135,San Diego Padres,#64,P,Dinelson,Lamet,,
678,135,San Diego Padres,#30,1B,Eric,Hosmer,,
679,135,San Diego Padres,#33,CF,Franchy,Cordero,,
680,135,San Diego Padres,#13,SS,Freddy,Galvis,,
681,135,San Diego Padres,#10,RF,Hunter,Renfroe,,
682,135,San Diego Padres,#70,SS,Javy,Guerra,,
683,135,San Diego Padres,#27,P,Jordan,Lyles,,
684,135,San Diego Padres,#65,P,Jose,Castillo,,
685,135,San Diego Padres,#2,LF,Jose,Pirela,,
686,135,San Diego Padres,#53,P,Kazuhisa,Makita,,
687,135,San Diego Padres,#39,P,Kirby,Yates,,
688,135,San Diego Padres,#44,P,Kyle,McGrath,,
689,135,San Diego Padres,#61,P,Luis,Perdomo,,
690,135,San Diego Padres,#21,C,Luis,Torrens,,
691,135,San Diego Padres,#7,CF,Manuel,Margot,,
692,135,San Diego Padres,#55,P,Matt,Strahm,,
693,135,San Diego Padres,#23,RF,Matt,Szczur,,
694,135,San Diego Padres,#43,P,Miguel,Diaz,,
695,135,San Diego Padres,#88,P,Phil,Maton,,
696,135,San Diego Padres,#0,C,Raffy,Lopez,,
697,135,San Diego Padres,#41,P,Robbie,Erlin,,
698,135,San Diego Padres,#16,CF,Travis,Jankowski,,
699,135,San Diego Padres,#62,P,Walker,Lockett,,
700,135,San Diego Padres,#4,OF,Wil,Myers,,
701,135,San Diego Padres,,,,,,
702,136,Seattle Mariners,#48,P,Andrew,Moore,,
703,136,Seattle Mariners,#7,SS,Andrew,Romine,,
704,136,Seattle Mariners,#37,P,Ariel,Miranda,,
705,136,Seattle Mariners,#16,LF,Ben,Gamel,,
706,136,Seattle Mariners,#26,CF,Cameron,Perkins,,
707,136,Seattle Mariners,#61,P,Casey,Lawrence,,
708,136,Seattle Mariners,#33,P,Chase,De,Jong,
709,136,Seattle Mariners,#60,P,Chasen,Bradford,,
710,136,Seattle Mariners,#53,P,Dan,Altavilla,,
711,136,Seattle Mariners,#20,1B,Daniel,Vogelbach,,
712,136,Seattle Mariners,#,P,Dario,Alvarez,,
713,136,Seattle Mariners,#36,C,David,Freitas,,
714,136,Seattle Mariners,#35,P,David,Phelps,,
715,136,Seattle Mariners,#9,CF,Dee,Gordon,,
716,136,Seattle Mariners,#39,P,Edwin,Diaz,,
717,136,Seattle Mariners,#31,P,Erasmo,Ramirez,,
718,136,Seattle Mariners,#34,P,Felix,Hernandez,,
719,136,Seattle Mariners,#5,LF,Guillermo,Heredia,,
720,136,Seattle Mariners,#51,RF,Ichiro,Suzuki,,
721,136,Seattle Mariners,#65,P,James,Paxton,,
722,136,Seattle Mariners,#47,P,James,Pazos,,
723,136,Seattle Mariners,#2,SS,Jean,Segura,,
724,136,Seattle Mariners,#12,P,Juan,Nicasio,,
725,136,Seattle Mariners,#15,3B,Kyle,Seager,,
726,136,Seattle Mariners,#25,P,Marc,Rzepczynski,,
727,136,Seattle Mariners,#32,P,Marco,Gonzales,,
728,136,Seattle Mariners,#44,P,Max,Povse,,
729,136,Seattle Mariners,#8,P,Mike,Leake,,
730,136,Seattle Mariners,#10,C,Mike,Marjama,,
731,136,Seattle Mariners,#3,C,Mike,Zunino,,
732,136,Seattle Mariners,#17,RF,Mitch,Haniger,,
733,136,Seattle Mariners,#23,DH,Nelson,Cruz,,
734,136,Seattle Mariners,#52,P,Nick,Rumbelow,,
735,136,Seattle Mariners,#50,P,Nick,Vincent,,
736,136,Seattle Mariners,#63,P,Rob,Whalen,,
737,136,Seattle Mariners,#22,2B,Robinson,Cano,,
738,136,Seattle Mariners,#27,1B,Ryon,Healy,,
739,136,Seattle Mariners,#21,SS,Taylor,Motter,,
740,136,Seattle Mariners,#49,P,Wade,LeBlanc,,
741,136,Seattle Mariners,,,,,,
742,137,San Francisco Giants,#22,RF,Andrew,McCutchen,,
743,137,San Francisco Giants,#74,C,Aramis,Garcia,,
744,137,San Francisco Giants,#16,CF,Austin,Jackson,,
745,137,San Francisco Giants,#53,LF,Austin,Slater,,
746,137,San Francisco Giants,#9,1B,Brandon,Belt,,
747,137,San Francisco Giants,#35,SS,Brandon,Crawford,,
748,137,San Francisco Giants,#28,C,Buster,Posey,,
749,137,San Francisco Giants,#86,P,Chase,Johnson,,
750,137,San Francisco Giants,#34,P,Chris,Stratton,,
751,137,San Francisco Giants,#26,P,Cory,Gearrin,,
752,137,San Francisco Giants,#84,P,D.J.,Snelten,,
753,137,San Francisco Giants,#45,P,Derek,Holland,,
754,137,San Francisco Giants,#64,P,Derek,Law,,
755,137,San Francisco Giants,#10,3B,Evan,Longoria,,
756,137,San Francisco Giants,#7,CF,Gorkys,Hernandez,,
757,137,San Francisco Giants,#1,CF,Gregor,Blanco,,
758,137,San Francisco Giants,#8,RF,Hunter,Pence,,
759,137,San Francisco Giants,#60,P,Hunter,Strickland,,
760,137,San Francisco Giants,#29,P,Jeff,Samardzija,,
761,137,San Francisco Giants,#12,2B,Joe,Panik,,
762,137,San Francisco Giants,#47,P,Johnny,Cueto,,
763,137,San Francisco Giants,#61,P,Josh,Osich,,
764,137,San Francisco Giants,#70,P,Julian,Fernandez,,
765,137,San Francisco Giants,#37,2B,Kelby,Tomlinson,,
766,137,San Francisco Giants,#51,RF,Mac,Williamson,,
767,137,San Francisco Giants,#40,P,Madison,Bumgarner,,
768,137,San Francisco Giants,#41,P,Mark,Melancon,,
769,137,San Francisco Giants,#52,2B,Miguel,Gomez,,
770,137,San Francisco Giants,#5,C,Nick,Hundley,,
771,137,San Francisco Giants,#48,3B,Pablo,Sandoval,,
772,137,San Francisco Giants,#58,P,Pierce,Johnson,,
773,137,San Francisco Giants,#54,P,Reyes,Moronta,,
774,137,San Francisco Giants,#67,P,Roberto,Gomez,,
775,137,San Francisco Giants,#63,1B,Ryder,Jones,,
776,137,San Francisco Giants,#49,P,Sam,Dyson,,
777,137,San Francisco Giants,#32,P,Steven,Okert,,
778,137,San Francisco Giants,#56,P,Tony,Watson,,
779,137,San Francisco Giants,#50,P,Ty,Blach,,
780,137,San Francisco Giants,#38,P,Tyler,Beede,,
781,137,San Francisco Giants,#73,P,Tyler,Herb,,
782,137,San Francisco Giants,#13,P,Will,Smith,,
783,137,San Francisco Giants,,,,,,
784,138,St. Louis Cardinals,#50,P,Adam,Wainwright,,
785,138,St. Louis Cardinals,#29,P,Alex,Reyes,,
786,138,St. Louis Cardinals,#68,P,Austin,Gomber,,
787,138,St. Louis Cardinals,#27,P,Brett,Cecil,,
788,138,St. Louis Cardinals,#26,P,Bud,Norris,,
789,138,St. Louis Cardinals,#18,P,Carlos,Martinez,,
790,138,St. Louis Cardinals,#19,C,Carson,Kelly,,
791,138,St. Louis Cardinals,#90,P,Conner,Greene,,
792,138,St. Louis Cardinals,#71,P,Derian,Gonzalez,,
793,138,St. Louis Cardinals,#25,RF,Dexter,Fowler,,
794,138,St. Louis Cardinals,#55,P,Dominic,Leone,,
795,138,St. Louis Cardinals,#80,SS,Edmundo,Sosa,,
796,138,St. Louis Cardinals,#46,C,Francisco,Pena,,
797,138,St. Louis Cardinals,#35,2B,Greg,Garcia,,
798,138,St. Louis Cardinals,#48,CF,Harrison,Bader,,
799,138,St. Louis Cardinals,#32,P,Jack,Flaherty,,
800,138,St. Louis Cardinals,#3,3B,Jedd,Gyorko,,
801,138,St. Louis Cardinals,#60,P,John,Brebbia,,
802,138,St. Louis Cardinals,#53,P,John,Gant,,
803,138,St. Louis Cardinals,#49,P,Jordan,Hicks,,
804,138,St. Louis Cardinals,#38,1B,Jose,Martinez,,
805,138,St. Louis Cardinals,#16,2B,Kolten,Wong,,
806,138,St. Louis Cardinals,#44,P,Luke,Gregerson,,
807,138,St. Louis Cardinals,#40,1B,Luke,Voit,,
808,138,St. Louis Cardinals,#7,P,Luke,Weaver,,
809,138,St. Louis Cardinals,#23,LF,Marcell,Ozuna,,
810,138,St. Louis Cardinals,#67,P,Matt,Bowman,,
811,138,St. Louis Cardinals,#13,3B,Matt,Carpenter,,
812,138,St. Louis Cardinals,#52,P,Michael,Wacha,,
813,138,St. Louis Cardinals,#59,P,Mike,Mayers,,
814,138,St. Louis Cardinals,#39,P,Miles,Mikolas,,
815,138,St. Louis Cardinals,#74,CF,Oscar,Mercado,,
816,138,St. Louis Cardinals,#12,SS,Paul,DeJong,,
817,138,St. Louis Cardinals,#65,P,Ryan,Sherriff,,
818,138,St. Louis Cardinals,#64,P,Sam,Tuivailala,,
819,138,St. Louis Cardinals,#28,CF,Tommy,Pham,,
820,138,St. Louis Cardinals,#70,P,Tyler,Lyons,,
821,138,St. Louis Cardinals,#63,RF,Tyler,O'Neill,,
822,138,St. Louis Cardinals,#4,C,Yadier,Molina,,
823,138,St. Louis Cardinals,#34,SS,Yairo,Munoz,,
824,138,St. Louis Cardinals,,,,,,
825,139,Tampa Bay Rays,#11,SS,Adeiny,Hechavarria,,
826,139,Tampa Bay Rays,#37,P,Alex,Colome,,
827,139,Tampa Bay Rays,#36,P,Andrew,Kittredge,,
828,139,Tampa Bay Rays,#53,P,Anthony,Banda,,
829,139,Tampa Bay Rays,#50,P,Austin,Pruitt,,
830,139,Tampa Bay Rays,#4,P,Blake,Snell,,
831,139,Tampa Bay Rays,#13,2B,Brad,Miller,,
832,139,Tampa Bay Rays,#59,P,Brent,Honeywell,Jr.,
833,139,Tampa Bay Rays,#44,1B,C.J.,Cron,,
834,139,Tampa Bay Rays,#27,RF,Carlos,Gomez,,
835,139,Tampa Bay Rays,#52,P,Chaz,Roe,,
836,139,Tampa Bay Rays,#58,P,Chih-Wei,Hu,,
837,139,Tampa Bay Rays,#22,P,Chris,Archer,,
838,139,Tampa Bay Rays,#21,SS,Christian,Arroyo,,
839,139,Tampa Bay Rays,#28,2B,Daniel,Robertson,,
840,139,Tampa Bay Rays,#2,LF,Denard,Span,,
841,139,Tampa Bay Rays,#63,P,Diego,Castillo,,
842,139,Tampa Bay Rays,#61,P,Hunter,Wood,,
843,139,Tampa Bay Rays,#57,P,Jaime,Schultz,,
844,139,Tampa Bay Rays,#70,1B,Jake,Bauers,,
845,139,Tampa Bay Rays,#34,P,Jake,Faria,,
846,139,Tampa Bay Rays,#45,C,Jesus,Sucre,,
847,139,Tampa Bay Rays,#18,2B,Joey,Wendle,,
848,139,Tampa Bay Rays,#46,P,Jose,Alvarado,,
849,139,Tampa Bay Rays,#87,P,Jose,De,Leon,
850,139,Tampa Bay Rays,#65,P,Jose,Mujica,,
851,139,Tampa Bay Rays,#71,RF,Justin,Williams,,
852,139,Tampa Bay Rays,#39,CF,Kevin,Kiermaier,,
853,139,Tampa Bay Rays,#0,CF,Mallex,Smith,,
854,139,Tampa Bay Rays,#35,P,Matt,Andriese,,
855,139,Tampa Bay Rays,#5,3B,Matt,Duffy,,
856,139,Tampa Bay Rays,#24,P,Nathan,Eovaldi,,
857,139,Tampa Bay Rays,#8,LF,Rob,Refsnyder,,
858,139,Tampa Bay Rays,#48,P,Ryan,Yarbrough,,
859,139,Tampa Bay Rays,#55,P,Ryne,Stanek,,
860,139,Tampa Bay Rays,#54,P,Sergio,Romo,,
861,139,Tampa Bay Rays,#1,SS,Willy,Adames,,
862,139,Tampa Bay Rays,#40,C,Wilson,Ramos,,
863,139,Tampa Bay Rays,#72,P,Yonny,Chirinos,,
864,139,Tampa Bay Rays,,,,,,
865,140,Texas Rangers,#29,3B,Adrian,Beltre,,
866,140,Texas Rangers,#58,P,Alex,Claudio,,
867,140,Texas Rangers,#70,P,Ariel,Jurado,,
868,140,Texas Rangers,#74,P,Brett,Martin,,
869,140,Texas Rangers,#15,CF,Carlos,Tocci,,
870,140,Texas Rangers,#31,P,Chris,Martin,,
871,140,Texas Rangers,#47,P,Clayton,Blackburn,,
872,140,Texas Rangers,#35,P,Cole,Hamels,,
873,140,Texas Rangers,#59,P,Connor,Sadzeck,,
874,140,Texas Rangers,#3,LF,Delino,DeShields,,
875,140,Texas Rangers,#38,P,Doug,Fister,,
876,140,Texas Rangers,#18,CF,Drew,Robinson,,
877,140,Texas Rangers,#,2B,Eliezer,Alvarez,,
878,140,Texas Rangers,#1,SS,Elvis,Andrus,,
879,140,Texas Rangers,#73,3B,Isiah,Kiner-Falefa,,
880,140,Texas Rangers,#41,P,Jake,Diekman,,
881,140,Texas Rangers,#53,P,Jesse,Chavez,,
882,140,Texas Rangers,#75,P,Joe,Palumbo,,
883,140,Texas Rangers,#13,CF,Joey,Gallo,,
884,140,Texas Rangers,#72,P,Jonathan,Hernandez,,
885,140,Texas Rangers,#62,P,Jose,Leclerc,,
886,140,Texas Rangers,#71,C,Jose,Trevino,,
887,140,Texas Rangers,#8,C,Juan,Centeno,,
888,140,Texas Rangers,#19,SS,Jurickson,Profar,,
889,140,Texas Rangers,#50,P,Keone,Kela,,
890,140,Texas Rangers,#32,P,Kevin,Jepsen,,
891,140,Texas Rangers,#33,P,Martin,Perez,,
892,140,Texas Rangers,#51,P,Matt,Bush,,
893,140,Texas Rangers,#55,P,Matt,Moore,,
894,140,Texas Rangers,#36,P,Mike,Minor,,
895,140,Texas Rangers,#45,P,Nick,Gardewine,,
896,140,Texas Rangers,#30,RF,Nomar,Mazara,,
897,140,Texas Rangers,#68,P,Ricardo,Rodriguez,,
898,140,Texas Rangers,#61,C,Robinson,Chirinos,,
899,140,Texas Rangers,#67,1B,Ronald,Guzman,,
900,140,Texas Rangers,#63,P,Ronald,Herrera,,
901,140,Texas Rangers,#12,2B,Rougned,Odor,,
902,140,Texas Rangers,#16,LF,Ryan,Rua,,
903,140,Texas Rangers,#17,LF,Shin-Soo,Choo,,
904,140,Texas Rangers,#44,P,Tim,Lincecum,,
905,140,Texas Rangers,#43,P,Tony,Barnette,,
906,140,Texas Rangers,#5,LF,Willie,Calhoun,,
907,140,Texas Rangers,#65,P,Yohander,Mendez,,
908,140,Texas Rangers,,,,,,
909,141,Toronto Blue Jays,#62,P,Aaron,Loup,,
910,141,Toronto Blue Jays,#41,P,Aaron,Sanchez,,
911,141,Toronto Blue Jays,#1,SS,Aledmys,Diaz,,
912,141,Toronto Blue Jays,#30,CF,Anthony,Alford,,
913,141,Toronto Blue Jays,#,P,Carlos,Ramirez,,
914,141,Toronto Blue Jays,#18,LF,Curtis,Granderson,,
915,141,Toronto Blue Jays,#23,CF,Dalton,Pompey,,
916,141,Toronto Blue Jays,#24,P,Danny,Barnes,,
917,141,Toronto Blue Jays,#9,C,Danny,Jansen,,
918,141,Toronto Blue Jays,#29,2B,Devon,Travis,,
919,141,Toronto Blue Jays,#27,RF,Dwight,Smith,Jr,
920,141,Toronto Blue Jays,#61,SS,Gift,Ngoepe,,
921,141,Toronto Blue Jays,#33,P,J.A.,Happ,,
922,141,Toronto Blue Jays,#57,P,Jaime,Garcia,,
923,141,Toronto Blue Jays,#31,P,Joe,Biagini,,
924,141,Toronto Blue Jays,#77,P,John,Axford,,
925,141,Toronto Blue Jays,#20,3B,Josh,Donaldson,,
926,141,Toronto Blue Jays,#14,1B,Justin,Smoak,,
927,141,Toronto Blue Jays,#8,DH,Kendrys,Morales,,
928,141,Toronto Blue Jays,#11,CF,Kevin,Pillar,,
929,141,Toronto Blue Jays,#13,2B,Lourdes,Gurriel,Jr.,
930,141,Toronto Blue Jays,#21,C,Luke,Maile,,
931,141,Toronto Blue Jays,#25,P,Marco,Estrada,,
932,141,Toronto Blue Jays,#6,P,Marcus,Stroman,,
933,141,Toronto Blue Jays,#15,LF,Randal,Grichuk,,
934,141,Toronto Blue Jays,#,C,Reese,McGuire,,
935,141,Toronto Blue Jays,#7,SS,Richard,Urena,,
936,141,Toronto Blue Jays,#54,P,Roberto,Osuna,,
937,141,Toronto Blue Jays,#,1B,Rowdy,Tellez,,
938,141,Toronto Blue Jays,#55,C,Russell,Martin,,
939,141,Toronto Blue Jays,#56,P,Ryan,Borucki,,
940,141,Toronto Blue Jays,#52,P,Ryan,Tepera,,
941,141,Toronto Blue Jays,#,P,Sam,Gaviglio,,
942,141,Toronto Blue Jays,#22,P,Seunghwan,Oh,,
943,141,Toronto Blue Jays,#28,LF,Steve,Pearce,,
944,141,Toronto Blue Jays,#44,P,Taylor,Guerrieri,,
945,141,Toronto Blue Jays,#37,RF,Teoscar,Hernandez,,
946,141,Toronto Blue Jays,#58,P,Tim,Mayza,,
947,141,Toronto Blue Jays,#2,SS,Troy,Tulowitzki,,
948,141,Toronto Blue Jays,#36,P,Tyler,Clippard,,
949,141,Toronto Blue Jays,#26,3B,Yangervis,Solarte,,
950,141,Toronto Blue Jays,,,,,,
951,142,Minnesota Twins,#50,P,Aaron,Slegers,,
952,142,Minnesota Twins,#49,P,Adalberto,Mejia,,
953,142,Minnesota Twins,#43,P,Addison,Reed,,
954,142,Minnesota Twins,#67,P,Alan,Busenitz,,
955,142,Minnesota Twins,#2,2B,Brian,Dozier,,
956,142,Minnesota Twins,#25,CF,Byron,Buxton,,
957,142,Minnesota Twins,#47,P,Dietrich,Enns,,
958,142,Minnesota Twins,#20,LF,Eddie,Rosario,,
959,142,Minnesota Twins,#5,SS,Eduardo,Escobar,,
960,142,Minnesota Twins,#16,SS,Ehire,Adrianza,,
961,142,Minnesota Twins,#54,P,Ervin,Santana,,
962,142,Minnesota Twins,#76,P,Felix,Jorge,,
963,142,Minnesota Twins,#56,P,Fernando,Rodney,,
964,142,Minnesota Twins,#77,P,Fernando,Romero,,
965,142,Minnesota Twins,#58,P,Gabriel,Moya,,
966,142,Minnesota Twins,#60,CF,Jake,Cave,,
967,142,Minnesota Twins,#12,P,Jake,Odorizzi,,
968,142,Minnesota Twins,#15,C,Jason,Castro,,
969,142,Minnesota Twins,#7,1B,Joe,Mauer,,
970,142,Minnesota Twins,#27,P,John,Curtiss,,
971,142,Minnesota Twins,#17,P,Jose,Berrios,,
972,142,Minnesota Twins,#44,P,Kyle,Gibson,,
973,142,Minnesota Twins,#31,P,Lance,Lynn,,
974,142,Minnesota Twins,#71,P,Lewis,Thorpe,,
975,142,Minnesota Twins,#99,1B,Logan,Morrison,,
976,142,Minnesota Twins,#26,RF,Max,Kepler,,
977,142,Minnesota Twins,#35,P,Michael,Pineda,,
978,142,Minnesota Twins,#22,3B,Miguel,Sano,,
979,142,Minnesota Twins,#23,C,Mitch,Garver,,
980,142,Minnesota Twins,#45,P,Phil,Hughes,,
981,142,Minnesota Twins,#36,RF,Robbie,Grossman,,
982,142,Minnesota Twins,#24,LF,Ryan,LaMarre,,
983,142,Minnesota Twins,#57,P,Ryan,Pressly,,
984,142,Minnesota Twins,#59,P,Stephen,Gonsalves,,
985,142,Minnesota Twins,#55,P,Taylor,Rogers,,
986,142,Minnesota Twins,#39,P,Trevor,Hildenberger,,
987,142,Minnesota Twins,#65,P,Trevor,May,,
988,142,Minnesota Twins,#21,P,Tyler,Duffey,,
989,142,Minnesota Twins,#61,P,Tyler,Kinley,,
990,142,Minnesota Twins,#32,P,Zach,Duke,,
991,142,Minnesota Twins,#8,CF,Zack,Granite,,
992,142,Minnesota Twins,#52,P,Zack,Littell,,
993,142,Minnesota Twins,,,,,,
994,143,Philadelphia Phillies,#23,RF,Aaron,Altherr,,
995,143,Philadelphia Phillies,#27,P,Aaron,Nola,,
996,143,Philadelphia Phillies,#46,P,Adam,Morgan,,
997,143,Philadelphia Phillies,#15,C,Andrew,Knapp,,
998,143,Philadelphia Phillies,#19,P,Ben,Lively,,
999,143,Philadelphia Phillies,#41,1B,Carlos,Santana,,
1000,143,Philadelphia Phillies,#16,2B,Cesar,Hernandez,,
1001,143,Philadelphia Phillies,#63,P,Drew,Anderson,,
1002,143,Philadelphia Phillies,#33,P,Drew,Hutchison,,
1003,143,Philadelphia Phillies,#77,RF,Dylan,Cozens,,
1004,143,Philadelphia Phillies,#61,P,Edubray,Ramos,,
1005,143,Philadelphia Phillies,#66,P,Franklyn,Kilome,,
1006,143,Philadelphia Phillies,#50,P,Hector,Neris,,
1007,143,Philadelphia Phillies,#55,P,Hoby,Milner,,
1008,143,Philadelphia Phillies,#2,SS,J.P.,Crawford,,
1009,143,Philadelphia Phillies,#49,P,Jake,Arrieta,,
1010,143,Philadelphia Phillies,#44,P,Jake,Thompson,,
1011,143,Philadelphia Phillies,#48,P,Jerad,Eickhoff,,
1012,143,Philadelphia Phillies,#76,2B,Jesmuel,Valentin,,
1013,143,Philadelphia Phillies,#38,C,Jorge,Alfaro,,
1014,143,Philadelphia Phillies,#72,P,Jose,Taveras,,
1015,143,Philadelphia Phillies,#57,P,Luis,Garcia,,
1016,143,Philadelphia Phillies,#7,3B,Maikel,Franco,,
1017,143,Philadelphia Phillies,#31,P,Mark,Leiter,Jr.,
1018,143,Philadelphia Phillies,#43,P,Nick,Pivetta,,
1019,143,Philadelphia Phillies,#5,RF,Nick,Williams,,
1020,143,Philadelphia Phillies,#37,CF,Odubel,Herrera,,
1021,143,Philadelphia Phillies,#93,P,Pat,Neshek,,
1022,143,Philadelphia Phillies,#18,SS,Pedro,Florimon,,
1023,143,Philadelphia Phillies,#70,P,Ranger,Suarez,,
1024,143,Philadelphia Phillies,#17,LF,Rhys,Hoskins,,
1025,143,Philadelphia Phillies,#24,CF,Roman,Quinn,,
1026,143,Philadelphia Phillies,#4,SS,Scott,Kingery,,
1027,143,Philadelphia Phillies,#65,P,Seranthony,Dominguez,,
1028,143,Philadelphia Phillies,#40,P,Tommy,Hunter,,
1029,143,Philadelphia Phillies,#64,P,Victor,Arano,,
1030,143,Philadelphia Phillies,#28,P,Vince,Velasquez,,
1031,143,Philadelphia Phillies,#53,P,Yacksel,Rios,,
1032,143,Philadelphia Phillies,#52,P,Zac,Curtis,,
1033,143,Philadelphia Phillies,#56,P,Zach,Eflin,,
1034,143,Philadelphia Phillies,,,,,,
1035,144,Atlanta Braves,#33,P,A.J.,Minter,,
1036,144,Atlanta Braves,#36,P,Aaron,Blair,,
1037,144,Atlanta Braves,#66,P,Adam,McCreery,,
1038,144,Atlanta Braves,#61,P,Akeel,Morris,,
1039,144,Atlanta Braves,#38,P,Arodys,Vizcaino,,
1040,144,Atlanta Braves,#32,P,Brandon,McCarthy,,
1041,144,Atlanta Braves,#8,LF,Charlie,Culberson,,
1042,144,Atlanta Braves,#46,P,Chase,Whitley,,
1043,144,Atlanta Braves,#8,C,Chris,Stewart,,
1044,144,Atlanta Braves,#58,P,Dan,Winkler,,
1045,144,Atlanta Braves,#7,SS,Dansby,Swanson,,
1046,144,Atlanta Braves,#11,CF,Ender,Inciarte,,
1047,144,Atlanta Braves,#5,1B,Freddie,Freeman,,
1048,144,Atlanta Braves,#75,P,Grant,Dayton,,
1049,144,Atlanta Braves,#68,P,Jacob,Lindgren,,
1050,144,Atlanta Braves,#56,P,Jason,Hursh,,
1051,144,Atlanta Braves,#63,P,Jesse,Biddle,,
1052,144,Atlanta Braves,#17,3B,Johan,Camargo,,
1053,144,Atlanta Braves,#52,P,Jose,Ramirez,,
1054,144,Atlanta Braves,#49,P,Julio,Teheran,,
1055,144,Atlanta Braves,#24,C,Kurt,Suzuki,,
1056,144,Atlanta Braves,#18,LF,Lane,Adams,,
1057,144,Atlanta Braves,#50,P,Lucas,Sims,,
1058,144,Atlanta Braves,#53,P,Luiz,Gohara,,
1059,144,Atlanta Braves,#45,P,Matt,Wisler,,
1060,144,Atlanta Braves,#54,P,Max,Fried,,
1061,144,Atlanta Braves,#26,P,Mike,Foltynewicz,,
1062,144,Atlanta Braves,#22,RF,Nick,Markakis,,
1063,144,Atlanta Braves,#1,2B,Ozzie,Albies,,
1064,144,Atlanta Braves,#12,CF,Peter,Bourjos,,
1065,144,Atlanta Braves,#30,P,Peter,Moylan,,
1066,144,Atlanta Braves,#20,LF,Preston,Tucker,,
1067,144,Atlanta Braves,#57,P,Rex,Brothers,,
1068,144,Atlanta Braves,#65,P,Ricardo,Sanchez,,
1069,144,Atlanta Braves,#14,3B,Rio,Ruiz,,
1070,144,Atlanta Braves,#27,3B,Ryan,Flaherty,,
1071,144,Atlanta Braves,#12,3B,Ryan,Schimpf,,
1072,144,Atlanta Braves,#39,P,Sam,Freeman,,
1073,144,Atlanta Braves,#15,P,Sean,Newcomb,,
1074,144,Atlanta Braves,#51,P,Shane,Carle,,
1075,144,Atlanta Braves,#25,C,Tyler,Flowers,,
1076,144,Atlanta Braves,,,,,,
1077,145,Chicago White Sox,#39,P,Aaron,Bummer,,
1078,145,Chicago White Sox,#15,CF,Adam,Engel,,
1079,145,Chicago White Sox,#26,RF,Avisail,Garcia,,
1080,145,Chicago White Sox,#55,P,Carlos,Rodon,,
1081,145,Chicago White Sox,#51,P,Carson,Fulmer,,
1082,145,Chicago White Sox,#62,1B,Casey,Gillaspie,,
1083,145,Chicago White Sox,#22,CF,Charlie,Tilson,,
1084,145,Chicago White Sox,#63,OF,Daniel,Palka,,
1085,145,Chicago White Sox,#43,P,Danny,Farquhar,,
1086,145,Chicago White Sox,#74,RF,Eloy,Jimenez,,
1087,145,Chicago White Sox,#45,P,Gregory,Infante,,
1088,145,Chicago White Sox,#53,P,Hector,Santiago,,
1089,145,Chicago White Sox,#64,P,Ian,Clarkin,,
1090,145,Chicago White Sox,#57,P,Jace,Fry,,
1091,145,Chicago White Sox,#33,P,James,Shields,,
1092,145,Chicago White Sox,#48,P,Joakim,Soria,,
1093,145,Chicago White Sox,#79,1B,Jose,Abreu,,
1094,145,Chicago White Sox,#71,SS,Jose,Rondon,,
1095,145,Chicago White Sox,#37,P,Juan,Minaya,,
1096,145,Chicago White Sox,#36,C,Kevan,Smith,,
1097,145,Chicago White Sox,#28,CF,Leury,Garcia,,
1098,145,Chicago White Sox,#27,P,Lucas,Giolito,,
1099,145,Chicago White Sox,#73,CF,Luis,Alexander,Basabe,
1100,145,Chicago White Sox,#70,P,Luis,Avilan,,
1101,145,Chicago White Sox,#24,DH,Matt,Davidson,,
1102,145,Chicago White Sox,#77,RF,Micker,Adolfo,,
1103,145,Chicago White Sox,#58,P,Miguel,Gonzalez,,
1104,145,Chicago White Sox,#65,P,Nate,Jones,,
1105,145,Chicago White Sox,#30,LF,Nicky,Delmonico,,
1106,145,Chicago White Sox,#38,C,Omar,Narvaez,,
1107,145,Chicago White Sox,#40,P,Reynaldo,Lopez,,
1108,145,Chicago White Sox,#,P,Ricardo,Pinto,,
1109,145,Chicago White Sox,#49,OF,Ryan,Cordell,,
1110,145,Chicago White Sox,#50,P,Thyago,Vieira,,
1111,145,Chicago White Sox,#7,SS,Tim,Anderson,,
1112,145,Chicago White Sox,#20,2B,Tyler,Saladino,,
1113,145,Chicago White Sox,#21,C,Welington,Castillo,,
1114,145,Chicago White Sox,#10,2B,Yoan,Moncada,,
1115,145,Chicago White Sox,#5,2B,Yolmer,Sanchez,,
1116,145,Chicago White Sox,,,,,,
1117,146,Miami Marlins,#61,P,Adam,Conley,,
1118,146,Miami Marlins,#29,P,Brad,Ziegler,,
1119,146,Miami Marlins,#12,CF,Braxton,Lee,,
1120,146,Miami Marlins,#53,P,Brett,Graves,,
1121,146,Miami Marlins,#15,3B,Brian,Anderson,,
1122,146,Miami Marlins,#49,P,Brian,Ellington,,
1123,146,Miami Marlins,#28,C,Bryan,Holaday,,
1124,146,Miami Marlins,#31,P,Caleb,Smith,,
1125,146,Miami Marlins,#1,LF,Cameron,Maybin,,
1126,146,Miami Marlins,#17,C,Chad,Wallach,,
1127,146,Miami Marlins,#50,P,Chris,O'Grady,,
1128,146,Miami Marlins,#58,P,Dan,Straily,,
1129,146,Miami Marlins,#32,LF,Derek,Dietrich,,
1130,146,Miami Marlins,#76,P,Dillon,Peters,,
1131,146,Miami Marlins,#71,P,Drew,Steckenrider,,
1132,146,Miami Marlins,#57,P,Elieser,Hernandez,,
1133,146,Miami Marlins,#30,OF,Garrett,Cooper,,
1134,146,Miami Marlins,#11,C,J.T.,Realmuto,,
1135,146,Miami Marlins,#44,P,Jacob,Turner,,
1136,146,Miami Marlins,#70,P,James,Needy,,
1137,146,Miami Marlins,#66,P,Jarlin,Garcia,,
1138,146,Miami Marlins,#62,P,Jose,Urena,,
1139,146,Miami Marlins,#10,SS,JT,Riddle,,
1140,146,Miami Marlins,#25,P,Junichi,Tazawa,,
1141,146,Miami Marlins,#41,1B,Justin,Bour,,
1142,146,Miami Marlins,#46,P,Kyle,Barraclough,,
1143,146,Miami Marlins,#9,CF,Lewis,Brinson,,
1144,146,Miami Marlins,#34,RF,Magneuris,Sierra,,
1145,146,Miami Marlins,#14,3B,Martin,Prado,,
1146,146,Miami Marlins,#77,P,Merandy,Gonzalez,,
1147,146,Miami Marlins,#75,P,Miguel,Del,Pozo,
1148,146,Miami Marlins,#19,SS,Miguel,Rojas,,
1149,146,Miami Marlins,#64,P,Nick,Wittgren,,
1150,146,Miami Marlins,#43,P,Odrisamer,Despaigne,,
1151,146,Miami Marlins,#78,P,Pablo,Lopez,,
1152,146,Miami Marlins,#22,P,Sandy,Alcantara,,
1153,146,Miami Marlins,#13,2B,Starlin,Castro,,
1154,146,Miami Marlins,#56,P,Tayron,Guerrero,,
1155,146,Miami Marlins,#18,C,Tomas,Telis,,
1156,146,Miami Marlins,#54,P,Wei-Yin,Chen,,
1157,146,Miami Marlins,#2,3B,Yadiel,Rivera,,
1158,146,Miami Marlins,,,,,,
1159,147,New York Yankees,#31,CF,Aaron,Hicks,,
1160,147,New York Yankees,#99,RF,Aaron,Judge,,
1161,147,New York Yankees,#43,P,Adam,Warren,,
1162,147,New York Yankees,#87,P,Albert,Abreu,,
1163,147,New York Yankees,#54,P,Aroldis,Chapman,,
1164,147,New York Yankees,#28,C,Austin,Romine,,
1165,147,New York Yankees,#61,P,Ben,Heller,,
1166,147,New York Yankees,#71,RF,Billy,McKinney,,
1167,147,New York Yankees,#29,3B,Brandon,Drury,,
1168,147,New York Yankees,#11,CF,Brett,Gardner,,
1169,147,New York Yankees,#52,P,CC,Sabathia,,
1170,147,New York Yankees,#57,P,Chad,Green,,
1171,147,New York Yankees,#45,P,Chasen,Shreve,,
1172,147,New York Yankees,#77,LF,Clint,Frazier,,
1173,147,New York Yankees,#30,P,David,Robertson,,
1174,147,New York Yankees,#68,P,Dellin,Betances,,
1175,147,New York Yankees,#18,SS,Didi,Gregorius,,
1176,147,New York Yankees,#88,P,Domingo,Acevedo,,
1177,147,New York Yankees,#63,P,Domingo,German,,
1178,147,New York Yankees,#24,C,Gary,Sanchez,,
1179,147,New York Yankees,#27,DH,Giancarlo,Stanton,,
1180,147,New York Yankees,#62,P,Giovanny,Gallegos,,
1181,147,New York Yankees,#81,SS,Gleyber,Torres,,
1182,147,New York Yankees,#33,1B,Greg,Bird,,
1183,147,New York Yankees,#22,CF,Jacoby,Ellsbury,,
1184,147,New York Yankees,#56,P,Jonathan,Holder,,
1185,147,New York Yankees,#89,P,Jonathan,Loaisiga,,
1186,147,New York Yankees,#47,P,Jordan,Montgomery,,
1187,147,New York Yankees,#38,C,Kyle,Higashioka,,
1188,147,New York Yankees,#85,P,Luis,Cessa,,
1189,147,New York Yankees,#40,P,Luis,Severino,,
1190,147,New York Yankees,#19,P,Masahiro,Tanaka,,
1191,147,New York Yankees,#67,3B,Miguel,Andujar,,
1192,147,New York Yankees,#14,1B,Neil,Walker,,
1193,147,New York Yankees,#74,2B,Ronald,Torreyes,,
1194,147,New York Yankees,#55,P,Sonny,Gray,,
1195,147,New York Yankees,#90,SS,Thairo,Estrada,,
1196,147,New York Yankees,#48,P,Tommy,Kahnle,,
1197,147,New York Yankees,#26,1B,Tyler,Austin,,
1198,147,New York Yankees,#12,SS,Tyler,Wade,,
1199,147,New York Yankees,,,,,,
1200,158,Milwaukee Brewers,#56,P,Aaron,Wilkerson,,
1201,158,Milwaukee Brewers,#67,P,Adrian,Houser,,
1202,158,Milwaukee Brewers,#48,P,Boone,Logan,,
1203,158,Milwaukee Brewers,#53,P,Brandon,Woodruff,,
1204,158,Milwaukee Brewers,#35,P,Brent,Suter,,
1205,158,Milwaukee Brewers,#33,RF,Brett,Phillips,,
1206,158,Milwaukee Brewers,#57,P,Chase,Anderson,,
1207,158,Milwaukee Brewers,#22,CF,Christian,Yelich,,
1208,158,Milwaukee Brewers,#46,P,Corey,Knebel,,
1209,158,Milwaukee Brewers,#16,RF,Domingo,Santana,,
1210,158,Milwaukee Brewers,#18,SS,Eric,Sogard,,
1211,158,Milwaukee Brewers,#7,1B,Eric,Thames,,
1212,158,Milwaukee Brewers,#74,P,Freddy,Peralta,,
1213,158,Milwaukee Brewers,#14,2B,Hernan,Perez,,
1214,158,Milwaukee Brewers,#50,P,Jacob,Barnes,,
1215,158,Milwaukee Brewers,#68,C,Jacob,Nottingham,,
1216,158,Milwaukee Brewers,#32,P,Jeremy,Jeffress,,
1217,158,Milwaukee Brewers,#24,1B,Jesus,Aguilar,,
1218,158,Milwaukee Brewers,#47,C,Jett,Bandy,,
1219,158,Milwaukee Brewers,#45,P,Jhoulys,Chacin,,
1220,158,Milwaukee Brewers,#25,1B,Ji-Man,Choi,,
1221,158,Milwaukee Brewers,#52,P,Jimmy,Nelson,,
1222,158,Milwaukee Brewers,#5,2B,Jonathan,Villar,,
1223,158,Milwaukee Brewers,#28,P,Jorge,Lopez,,
1224,158,Milwaukee Brewers,#71,P,Josh,Hader,,
1225,158,Milwaukee Brewers,#41,P,Junior,Guerra,,
1226,158,Milwaukee Brewers,#23,CF,Keon,Broxton,,
1227,158,Milwaukee Brewers,#6,CF,Lorenzo,Cain,,
1228,158,Milwaukee Brewers,#9,C,Manny,Pina,,
1229,158,Milwaukee Brewers,#73,P,Marcos,Diplan,,
1230,158,Milwaukee Brewers,#43,P,Matt,Albers,,
1231,158,Milwaukee Brewers,#66,SS,Mauricio,Dubon,,
1232,158,Milwaukee Brewers,#51,P,Oliver,Drake,,
1233,158,Milwaukee Brewers,#3,SS,Orlando,Arcia,,
1234,158,Milwaukee Brewers,#8,LF,Ryan,Braun,,
1235,158,Milwaukee Brewers,#12,C,Stephen,Vogt,,
1236,158,Milwaukee Brewers,#54,P,Taylor,Williams,,
1237,158,Milwaukee Brewers,#21,3B,Travis,Shaw,,
1238,158,Milwaukee Brewers,#39,P,Tyler,Webb,,
1239,158,Milwaukee Brewers,#27,P,Zach,Davies,,
1240,158,Milwaukee Brewers,,,,,,
